Model,Displ,Cyl,Drive,Veh.Class,Air.Pollution.Score,City.MPG,Hwy.MPG,Greenhouse.Gas.Score,Comb.CO2
ACURA ILX,2.4,4,2WD,small car,3,24,34,6,316
ACURA MDX,3.5,6,2WD,small SUV,5,19,26,5,411
ACURA MDX,3.5,6,4WD,small SUV,5,19,25,4,423
ACURA MDX Type-S,3,6,4WD,standard SUV,5,17,21,4,474
ACURA NSX,3.5,6,4WD,small car,3,21,22,4,420
ACURA RDX,2,4,2WD,small SUV,6,22,28,5,370
ACURA RDX,2,4,4WD,small SUV,6,21,27,5,385
ACURA RDX A-SPEC,2,4,2WD,small SUV,6,22,27,5,375
ACURA RDX A-SPEC,2,4,4WD,small SUV,6,21,26,5,388
ACURA TLX,2,4,2WD,small car,7,22,31,5,352
ACURA TLX,2,4,4WD,small car,7,21,29,5,369
ACURA TLX AWD A-SPEC,2,4,4WD,small car,7,21,29,5,371
ACURA TLX FWD A-SPEC,2,4,2WD,small car,7,22,30,5,357
ACURA TLX Type-S,3,6,4WD,small car,5,19,25,4,420
ACURA TLX Type-S Perf Tire,3,6,4WD,small car,5,19,24,4,421
ALFA ROMEO Giulia,2,4,2WD,midsize car,5,24,33,6,330
ALFA ROMEO Giulia,2,4,2WD,midsize car,3,24,33,6,330
ALFA ROMEO Giulia,2.9,6,2WD,midsize car,3,17,25,4,436
ALFA ROMEO Giulia AWD,2,4,4WD,midsize car,5,23,31,5,348
ALFA ROMEO Giulia AWD,2,4,4WD,midsize car,3,23,31,5,348
ALFA ROMEO Stelvio,2,4,2WD,small SUV,5,22,29,5,359
ALFA ROMEO Stelvio,2,4,2WD,small SUV,3,22,29,5,359
ALFA ROMEO Stelvio AWD,2,4,4WD,small SUV,5,22,28,5,364
ALFA ROMEO Stelvio AWD,2,4,4WD,small SUV,3,22,28,5,364
ALFA ROMEO Stelvio AWD,2.9,6,4WD,small SUV,3,17,23,4,463
ASTON MARTIN DB11 V12,5.2,12,2WD,small car,3,14,22,3,522
ASTON MARTIN DB11 V8,4,8,2WD,small car,5,18,24,4,431
ASTON MARTIN DBS,5.2,12,2WD,small car,3,14,22,3,522
ASTON MARTIN DBX V8,4,8,4WD,standard SUV,5,14,20,3,556
ASTON MARTIN Vantage,4,8,2WD,small car,5,18,24,4,435
AUDI A3,2,4,2WD,small car,7,29,38,7,273
AUDI A3,2,4,4WD,small car,7,28,36,7,286
AUDI A4,2,4,4WD,small car,5,26,34,6,307
AUDI A4 S line quattro,2,4,4WD,small car,5,24,31,6,332
AUDI A4 allroad quattro,2,4,4WD,station wagon,5,24,30,5,335
AUDI A5,2,4,4WD,small car,5,24,31,6,332
AUDI A5 Cabriolet,2,4,4WD,small car,5,23,31,5,345
AUDI A5 Sportback S line quattro,2,4,4WD,midsize car,5,24,31,6,332
AUDI A5 Sportback quattro,2,4,4WD,midsize car,5,26,34,6,307
AUDI A6,2,4,4WD,midsize car,5,23,32,5,335
AUDI A6,3,6,4WD,midsize car,5,21,30,5,361
AUDI A6 Allroad quattro,3,6,4WD,station wagon,5,21,28,5,377
AUDI A7,3,6,4WD,midsize car,5,21,30,5,361
AUDI A8 L quattro,3,6,4WD,large car,5,19,28,5,399
AUDI Q3,2,4,4WD,small SUV,7,23,30,5,346
AUDI Q3 S line quattro,2,4,4WD,small SUV,7,21,28,5,375
AUDI Q5 S line quattro,2,4,4WD,small SUV,5,23,28,5,354
AUDI Q5 Sportback S line quattro,2,4,4WD,small SUV,5,23,28,5,354
AUDI Q5 quattro,2,4,4WD,small SUV,5,23,29,5,349
AUDI Q7 quattro,2,4,4WD,standard SUV,3,20,25,5,406
AUDI Q7 quattro,3,6,4WD,standard SUV,5,18,23,4,440
AUDI Q8 quattro,3,6,4WD,standard SUV,5,18,23,4,440
AUDI R8 Coupe,5.2,10,2WD,small car,1,14,23,3,518
AUDI R8 Coupe,5.2,10,4WD,small car,1,13,19,2,572
AUDI R8 Spyder,5.2,10,2WD,small car,1,14,23,3,518
AUDI R8 Spyder,5.2,10,4WD,small car,1,13,19,2,572
AUDI RS 5 Coupe,2.9,6,4WD,small car,5,18,25,4,430
AUDI RS 5 Sportback,2.9,6,4WD,midsize car,5,18,25,4,431
AUDI RS 6 Avant,4,8,4WD,station wagon,3,15,22,3,514
AUDI RS 7,4,8,4WD,midsize car,3,15,22,3,507
AUDI RS Q8,4,8,4WD,standard SUV,3,13,19,2,579
AUDI RS3,2.5,5,4WD,small car,3,20,29,5,383
AUDI S3,2,4,4WD,small car,5,23,32,6,331
AUDI S4,3,6,4WD,small car,5,21,30,5,363
AUDI S5 Cabriolet,3,6,4WD,small car,5,21,28,5,375
AUDI S5 Coupe,3,6,4WD,small car,5,21,30,5,363
AUDI S5 Sportback,3,6,4WD,midsize car,5,21,30,5,363
AUDI S6,2.9,6,4WD,midsize car,5,18,28,5,408
AUDI S7,2.9,6,4WD,midsize car,5,18,28,5,408
AUDI S8,4,8,4WD,large car,3,14,23,3,520
AUDI SQ5,3,6,4WD,small SUV,5,19,24,4,422
AUDI SQ5 Sportback,3,6,4WD,small SUV,5,19,24,4,422
AUDI SQ7,4,8,4WD,standard SUV,3,15,21,3,522
AUDI SQ8,4,8,4WD,standard SUV,3,15,21,3,522
AUDI TT Coupe,2,4,4WD,small car,7,23,30,5,346
AUDI TT RS Coupe,2.5,5,4WD,small car,3,20,29,5,377
AUDI TT Roadster,2,4,4WD,small car,7,23,30,5,346
AUDI TTS Coupe quattro,2,4,4WD,small car,3,23,31,5,337
BENTLEY Bentayga,4,8,4WD,standard SUV,3,15,24,3,497
BENTLEY Bentayga Speed,6,12,4WD,standard SUV,3,12,18,2,616
BENTLEY Chiron,8,16,4WD,small car,1,9,14,1,840
BENTLEY Continental GT,4,8,4WD,small car,3,16,26,4,462
BENTLEY Continental GT Speed,6,12,4WD,small car,3,12,20,2,610
BENTLEY Continental GT Speed Convert.,6,12,4WD,small car,3,12,18,2,636
BENTLEY Continental GT V8 Convertible,4,8,4WD,small car,3,16,26,4,473
BENTLEY Flying Spur,4,8,4WD,midsize car,3,15,20,3,520
BENTLEY Flying Spur,6,12,4WD,midsize car,3,12,19,2,601
BMW 228i Gran Coupe,2,4,2WD,small car,7,24,34,6,314
BMW 228i xDrive Gran Coupe,2,4,4WD,small car,7,23,33,6,329
BMW 230i Coupe,2,4,2WD,small car,3,26,35,6,300
BMW 330i,2,4,2WD,small car,7,26,36,6,298
BMW 330i,2,4,4WD,small car,7,25,34,6,314
BMW 430i Convertible,2,4,2WD,small car,7,25,34,6,312
BMW 430i Convertible,2,4,4WD,small car,7,23,33,6,327
BMW 430i Coupe,2,4,2WD,small car,7,25,34,6,312
BMW 430i Coupe,2,4,4WD,small car,7,23,33,6,327
BMW 430i Gran Coupe,2,4,2WD,small car,7,25,34,6,312
BMW 530i,2,4,2WD,midsize car,7,25,33,6,313
BMW 530i,2,4,4WD,midsize car,7,23,32,5,332
BMW 540i,3,6,2WD,midsize car,5,25,32,6,322
BMW 540i,3,6,4WD,midsize car,5,22,29,5,352
BMW 740i,3,6,2WD,large car,3,22,29,5,360
BMW 740i,3,6,4WD,large car,3,20,27,5,388
BMW 750i,4.4,8,4WD,large car,3,17,24,4,454
BMW 840i Convertible,3,6,2WD,small car,3,22,29,5,360
BMW 840i Coupe,3,6,2WD,small car,3,23,30,5,347
BMW 840i Gran Coupe,3,6,2WD,midsize car,3,22,29,5,360
BMW 840i xDrive Convertible,3,6,4WD,small car,3,20,27,5,388
BMW 840i xDrive Coupe,3,6,4WD,small car,3,20,27,5,388
BMW 840i xDrive Gran Coupe,3,6,4WD,midsize car,3,20,27,5,388
BMW ALPINA B7,4.4,8,4WD,large car,3,17,24,4,454
BMW ALPINA B8 Gran Coupe,4.4,8,4WD,midsize car,3,17,24,4,454
BMW Alpina XB7,4.4,8,4WD,standard SUV,3,15,21,3,517
BMW M235i xDrive Gran Coupe,2,4,4WD,small car,3,23,32,5,334
BMW M240i Coupe,3,6,4WD,small car,5,23,32,5,335
BMW M3,3,6,2WD,small car,5,16,23,4,472
BMW M3 Competition,3,6,2WD,small car,5,16,23,4,470
BMW M3 Competition M,3,6,4WD,small car,5,16,22,3,477
BMW M340i,3,6,2WD,small car,5,23,32,5,333
BMW M340i,3,6,4WD,small car,5,23,32,5,337
BMW M4 Competition Coupe,3,6,2WD,small car,5,16,23,4,470
BMW M4 Competition M,3,6,4WD,small car,5,16,22,3,477
BMW M4 Competition M Convertible,3,6,4WD,small car,5,16,23,3,484
BMW M4 Coupe,3,6,2WD,small car,5,16,23,4,472
BMW M440i,3,6,2WD,small car,5,25,34,6,312
BMW M440i,3,6,4WD,small car,5,23,31,5,339
BMW M440i Convertible,3,6,2WD,small car,5,23,31,5,340
BMW M440i Gran Coupe,3,6,4WD,small car,5,22,29,5,360
BMW M440i xDrive Coupe,3,6,4WD,small car,5,23,32,5,337
BMW M5,4.4,8,4WD,midsize car,3,15,21,3,523
BMW M5 CS,4.4,8,4WD,midsize car,3,15,21,3,522
BMW M5 Competition,4.4,8,4WD,midsize car,3,15,21,3,523
BMW M550i,4.4,8,4WD,midsize car,3,17,25,4,439
BMW M760i,6.6,12,4WD,large car,3,13,20,3,570
BMW M8 Competition Convertible,4.4,8,4WD,small car,3,15,21,3,522
BMW M8 Competition Coupe,4.4,8,4WD,small car,3,15,21,3,522
BMW M8 Competition Gran Coupe,4.4,8,4WD,midsize car,3,15,21,3,522
BMW M850i xDrive,4.4,8,4WD,small car,3,17,25,4,442
BMW M850i xDrive Convertible,4.4,8,4WD,small car,3,17,24,4,454
BMW M850i xDrive Gran Coupe,4.4,8,4WD,midsize car,3,17,24,4,454
BMW X1 sDrive28i,2,4,2WD,large car,7,24,33,6,324
BMW X1 xDrive28i,2,4,4WD,large car,7,23,31,5,343
BMW X2 M35i,2,4,4WD,midsize car,3,23,30,5,339
BMW X2 sDrive28i,2,4,2WD,midsize car,7,24,32,6,330
BMW X2 xDrive28i,2,4,4WD,midsize car,7,24,31,6,331
BMW X3 M,3,6,4WD,small SUV,3,15,20,3,519
BMW X3 M Competition,3,6,4WD,small SUV,3,15,20,3,519
BMW X3 M40i,3,6,4WD,small SUV,5,21,26,5,379
BMW X3 sDrive30i,2,4,2WD,small SUV,7,23,29,5,352
BMW X3 xDrive30i,2,4,4WD,small SUV,7,21,28,5,370
BMW X4 M,3,6,4WD,small SUV,3,15,20,3,519
BMW X4 M Competition,3,6,4WD,small SUV,3,15,20,3,519
BMW X4 M40i,3,6,4WD,small SUV,5,21,26,5,379
BMW X4 xDrive30i,2,4,4WD,small SUV,7,21,28,5,370
BMW X5 M,4.4,8,4WD,standard SUV,3,13,18,2,586
BMW X5 M Competition,4.4,8,4WD,standard SUV,3,13,18,2,586
BMW X5 M50i,4.4,8,4WD,standard SUV,3,16,22,3,485
BMW X5 sDrive40i,3,6,2WD,standard SUV,3,21,26,5,383
BMW X5 xDrive40i,3,6,4WD,standard SUV,3,21,25,5,388
BMW X6 M,4.4,8,4WD,standard SUV,3,13,18,2,586
BMW X6 M Competition,4.4,8,4WD,standard SUV,3,13,18,2,586
BMW X6 M50i,4.4,8,4WD,standard SUV,3,16,22,3,485
BMW X6 xDrive40i,3,6,4WD,standard SUV,3,21,25,5,388
BMW X7 M50i,4.4,8,4WD,standard SUV,3,15,21,3,517
BMW X7 xDrive40i,3,6,4WD,standard SUV,3,19,24,4,412
BMW Z4,2,4,2WD,small car,7,25,32,6,317
BMW Z4 M40i,3,6,2WD,small car,5,22,29,5,358
BUGATTI Chiron Pur Sport,8,16,4WD,small car,1,8,11,1,979
BUGATTI Chiron Super Sport,8,16,4WD,small car,1,8,11,1,979
BUICK Enclave,3.6,6,2WD,standard SUV,6,18,26,4,424
BUICK Enclave,3.6,6,4WD,standard SUV,6,17,25,4,448
BUICK Encore,1.4,4,2WD,small SUV,7,24,32,6,329
BUICK Encore,1.4,4,4WD,small SUV,7,23,30,5,342
BUICK Encore GX,1.2,3,2WD,small SUV,7,29,31,6,296
BUICK Encore GX,1.3,3,4WD,small SUV,7,26,29,6,324
BUICK Encore GX,1.3,3,2WD,small SUV,7,29,32,6,297
BUICK Envision,2,4,2WD,small SUV,7,24,31,5,341
BUICK Envision,2,4,4WD,small SUV,7,22,29,5,350
CADILLAC CT4,2,4,2WD,small car,7,23,34,6,331
CADILLAC CT4,2,4,4WD,small car,7,22,31,5,348
CADILLAC CT4,2.7,4,2WD,small car,6,21,31,5,356
CADILLAC CT4,2.7,4,4WD,small car,6,21,29,5,375
CADILLAC CT4 V,2.7,4,2WD,small car,6,20,29,5,385
CADILLAC CT4 V,2.7,4,4WD,small car,6,20,28,5,386
CADILLAC CT4 V,3.6,6,2WD,small car,5,15,23,3,488
CADILLAC CT4 V,3.6,6,2WD,small car,5,16,24,4,478
CADILLAC CT5,2,4,2WD,midsize car,7,23,33,6,333
CADILLAC CT5,2,4,4WD,midsize car,7,22,30,5,358
CADILLAC CT5,3,6,2WD,midsize car,5,19,27,5,405
CADILLAC CT5,3,6,4WD,midsize car,5,18,26,4,419
CADILLAC CT5 V,3,6,2WD,midsize car,5,18,27,4,423
CADILLAC CT5 V,3,6,4WD,midsize car,5,18,26,4,419
CADILLAC CT5 V,6.2,8,2WD,midsize car,3,13,21,2,573
CADILLAC CT5 V,6.2,8,2WD,midsize car,3,13,22,3,557
CADILLAC Escalade,6.2,8,2WD,standard SUV,6,14,19,3,547
CADILLAC Escalade,6.2,8,2WD,standard SUV,6,14,19,3,548
CADILLAC Escalade,6.2,8,4WD,standard SUV,6,14,19,3,555
CADILLAC Escalade,6.2,8,4WD,standard SUV,6,14,19,3,568
CADILLAC XT4,2,4,2WD,small SUV,7,24,30,5,341
CADILLAC XT4,2,4,4WD,small SUV,7,22,29,5,364
CADILLAC XT5,2,4,2WD,small SUV,7,22,29,5,370
CADILLAC XT5,2,4,4WD,small SUV,7,21,27,5,386
CADILLAC XT5,3.6,6,2WD,small SUV,6,19,26,4,419
CADILLAC XT5,3.6,6,4WD,small SUV,6,18,26,4,424
CADILLAC XT6,2,4,2WD,small SUV,7,21,27,5,386
CADILLAC XT6,2,4,4WD,small SUV,7,21,26,5,386
CADILLAC XT6,3.6,6,2WD,small SUV,6,19,26,4,419
CADILLAC XT6,3.6,6,4WD,small SUV,6,18,25,4,433
CHEVROLET Blazer,2,4,2WD,small SUV,7,22,29,5,358
CHEVROLET Blazer,2,4,4WD,small SUV,7,22,27,5,368
CHEVROLET Blazer,3.6,6,2WD,small SUV,6,19,27,5,405
CHEVROLET Blazer,3.6,6,4WD,small SUV,6,19,26,4,417
CHEVROLET Camaro,2,4,2WD,small car,5,19,29,5,385
CHEVROLET Camaro,2,4,2WD,small car,5,22,30,5,358
CHEVROLET Camaro,3.6,6,2WD,small car,6,16,26,4,452
CHEVROLET Camaro,3.6,6,2WD,small car,6,18,29,5,404
CHEVROLET Camaro,6.2,8,2WD,small car,1,14,20,3,562
CHEVROLET Camaro,6.2,8,2WD,small car,1,16,24,4,477
CHEVROLET Camaro,6.2,8,2WD,small car,1,13,21,3,571
CHEVROLET Camaro,6.2,8,2WD,small car,1,16,26,4,452
CHEVROLET Colorado,2.5,4,2WD,pickup,6,19,25,5,413
CHEVROLET Colorado,2.5,4,4WD,pickup,6,19,24,4,431
CHEVROLET Colorado,3.6,6,2WD,pickup,6,18,25,4,424
CHEVROLET Colorado,3.6,6,4WD,pickup,6,17,24,4,465
CHEVROLET Colorado ZR2,3.6,6,4WD,pickup,6,16,18,3,529
CHEVROLET Corvette,6.2,8,2WD,small car,5,16,24,4,478
CHEVROLET Equinox,1.5,4,2WD,small SUV,7,26,31,6,318
CHEVROLET Equinox,1.5,4,4WD,small SUV,7,25,30,6,327
CHEVROLET Malibu,1.5,4,2WD,midsize car,7,29,36,7,275
CHEVROLET Malibu,2,4,2WD,midsize car,5,22,33,5,342
CHEVROLET Silverado,2.7,4,2WD,pickup,6,19,22,4,441
CHEVROLET Silverado,2.7,4,4WD,pickup,6,17,20,3,486
CHEVROLET Silverado,2.7,4,4WD,pickup,6,17,20,3,489
CHEVROLET Silverado,5.3,8,2WD,pickup,6,16,21,3,484
CHEVROLET Silverado,5.3,8,2WD,pickup,6,16,21,3,489
CHEVROLET Silverado,5.3,8,2WD,special purpose,6,15,18,3,536
CHEVROLET Silverado,5.3,8,4WD,pickup,6,14,19,3,555
CHEVROLET Silverado,5.3,8,4WD,pickup,6,14,19,3,556
CHEVROLET Silverado,5.3,8,4WD,pickup,6,15,19,3,545
CHEVROLET Silverado,5.3,8,4WD,pickup,6,15,19,3,526
CHEVROLET Silverado,5.3,8,4WD,pickup,6,16,20,3,506
CHEVROLET Silverado,5.3,8,4WD,special purpose,6,13,17,2,611
CHEVROLET Silverado,5.3,8,4WD,special purpose,6,15,17,3,555
CHEVROLET Silverado,5.3,8,2WD,pickup,6,16,21,3,502
CHEVROLET Silverado,5.3,8,2WD,pickup,6,16,21,3,505
CHEVROLET Silverado,5.3,8,2WD,special purpose,6,14,17,2,583
CHEVROLET Silverado,5.3,8,4WD,pickup,6,15,20,3,521
CHEVROLET Silverado,5.3,8,4WD,pickup,6,15,20,3,522
CHEVROLET Silverado,5.3,8,4WD,special purpose,6,14,17,2,589
CHEVROLET Silverado,6.2,8,4WD,pickup,6,14,18,3,555
CHEVROLET Silverado,6.2,8,4WD,pickup,6,14,19,3,555
CHEVROLET Silverado,6.2,8,4WD,pickup,6,15,20,3,529
CHEVROLET Silverado 4WD Mud Terrain Tire,2.7,4,4WD,pickup,6,16,18,3,522
CHEVROLET Silverado 4WD Mud Terrain Tire,5.3,8,4WD,pickup,6,13,17,2,593
CHEVROLET Silverado 4WD Mud Terrain Tire,5.3,8,4WD,pickup,6,14,17,2,581
CHEVROLET Silverado 4WD Mud Terrain Tire,5.3,8,4WD,pickup,6,14,17,2,585
CHEVROLET Silverado 4WD Mud Terrain Tire,5.3,8,4WD,pickup,6,14,18,2,577
CHEVROLET Silverado 4WD Mud Terrain Tire,6.2,8,4WD,pickup,6,13,17,2,619
CHEVROLET Silverado 4WD Mud Terrain Tire,6.2,8,4WD,pickup,6,14,18,3,566
CHEVROLET Silverado ZR2,6.2,8,4WD,pickup,6,14,17,2,588
CHEVROLET Spark,1.4,4,2WD,small car,5,30,38,7,266
CHEVROLET Spark,1.4,4,2WD,small car,5,29,38,7,273
CHEVROLET Spark Activ,1.4,4,2WD,small car,5,30,37,7,266
CHEVROLET Spark Activ,1.4,4,2WD,small car,5,29,37,7,278
CHEVROLET Suburban,5.3,8,2WD,standard SUV,6,15,20,3,527
CHEVROLET Suburban,5.3,8,2WD,standard SUV,6,15,20,3,534
CHEVROLET Suburban,5.3,8,4WD,standard SUV,6,14,19,3,569
CHEVROLET Suburban,5.3,8,4WD,standard SUV,6,15,19,3,554
CHEVROLET Suburban,6.2,8,2WD,standard SUV,6,14,20,3,542
CHEVROLET Suburban,6.2,8,2WD,standard SUV,6,14,20,3,547
CHEVROLET Suburban,6.2,8,4WD,standard SUV,6,14,19,3,555
CHEVROLET Suburban,6.2,8,4WD,standard SUV,6,14,19,3,568
CHEVROLET Tahoe,5.3,8,2WD,standard SUV,6,15,20,3,527
CHEVROLET Tahoe,5.3,8,2WD,standard SUV,6,15,20,3,534
CHEVROLET Tahoe,5.3,8,4WD,standard SUV,6,14,19,3,556
CHEVROLET Tahoe,5.3,8,4WD,standard SUV,6,15,20,3,527
CHEVROLET Tahoe,6.2,8,2WD,standard SUV,6,14,20,3,542
CHEVROLET Tahoe,6.2,8,2WD,standard SUV,6,14,20,3,547
CHEVROLET Tahoe,6.2,8,4WD,standard SUV,6,14,19,3,555
CHEVROLET Tahoe,6.2,8,4WD,standard SUV,6,14,19,3,568
CHEVROLET Trailblazer,1.2,3,2WD,small SUV,7,29,31,6,296
CHEVROLET Trailblazer,1.3,3,4WD,small SUV,7,26,30,6,313
CHEVROLET Trailblazer,1.3,3,2WD,small SUV,7,29,33,7,289
CHEVROLET Traverse,3.6,6,2WD,standard SUV,6,18,27,4,417
CHEVROLET Traverse,3.6,6,4WD,standard SUV,6,17,25,4,448
CHEVROLET Trax,1.4,4,2WD,small SUV,7,24,32,6,329
CHEVROLET Trax,1.4,4,4WD,small SUV,7,23,30,5,342
CHRYSLER 300,3.6,6,2WD,large car,5,19,30,5,389
CHRYSLER 300,3.6,6,4WD,large car,5,18,27,4,415
CHRYSLER 300,5.7,8,2WD,large car,3,16,25,4,466
CHRYSLER Pacifica,3.6,6,2WD,minivan,5,19,28,5,401
CHRYSLER Pacifica,3.6,6,4WD,minivan,5,17,25,4,450
CHRYSLER Voyager,3.6,6,2WD,minivan,5,19,28,5,401
DODGE Challenger,3.6,6,2WD,midsize car,5,19,30,5,389
DODGE Challenger,3.6,6,4WD,midsize car,5,18,27,4,415
DODGE Challenger,5.7,8,2WD,midsize car,3,16,25,4,466
DODGE Challenger,5.7,8,2WD,midsize car,1,15,23,3,494
DODGE Challenger,6.4,8,2WD,midsize car,1,15,24,3,495
DODGE Challenger,6.4,8,2WD,midsize car,1,14,23,3,523
DODGE Challenger SRT,6.2,8,2WD,midsize car,1,13,22,3,546
DODGE Challenger SRT,6.2,8,2WD,midsize car,1,13,21,3,567
DODGE Challenger SRT Widebody,6.2,8,2WD,midsize car,1,13,21,2,572
DODGE Challenger SRT Widebody,6.2,8,2WD,midsize car,1,13,21,3,567
DODGE Challenger Widebody,6.4,8,2WD,midsize car,1,15,24,3,495
DODGE Challenger Widebody,6.4,8,2WD,midsize car,1,14,23,3,523
DODGE Charger,3.6,6,2WD,large car,5,19,30,5,389
DODGE Charger,3.6,6,4WD,large car,5,18,27,4,415
DODGE Charger,5.7,8,2WD,large car,3,16,25,4,466
DODGE Charger,6.4,8,2WD,large car,1,15,24,3,495
DODGE Charger SRT Widebody,6.2,8,2WD,large car,1,12,21,2,592
DODGE Charger Widebody,6.4,8,2WD,large car,1,15,24,3,495
DODGE Durango,3.6,6,2WD,standard SUV,7,19,26,4,414
DODGE Durango,3.6,6,4WD,standard SUV,7,18,25,4,427
DODGE Durango,5.7,8,2WD,standard SUV,5,14,22,3,525
DODGE Durango,5.7,8,4WD,standard SUV,5,14,22,3,533
DODGE Durango  SRT,6.4,8,4WD,standard SUV,1,13,19,2,584
FERRARI 812 Competizione,6.5,12,2WD,small car,3,12,16,2,652
FERRARI 812 GTS,6.5,12,2WD,small car,3,12,15,1,665
FERRARI F8 Spider,3.9,8,2WD,small car,3,15,18,3,552
FERRARI F8 Tributo,3.9,8,2WD,small car,3,15,19,3,541
FERRARI Portofino M,3.9,8,2WD,small car,6,16,23,4,471
FERRARI Roma,3.9,8,2WD,small car,6,17,22,4,472
FIAT 500X,1.3,4,4WD,small SUV,6,24,30,5,356
FORD Bronco,2.3,4,4WD,small SUV,5,20,21,4,439
FORD Bronco,2.3,4,4WD,small SUV,5,20,21,4,437
FORD Bronco,2.7,6,4WD,small SUV,6,19,20,4,456
FORD Bronco Badlands,2.3,4,4WD,small SUV,5,16,17,3,538
FORD Bronco Badlands,2.3,4,4WD,small SUV,5,17,17,3,519
FORD Bronco Badlands,2.7,6,4WD,small SUV,6,17,17,3,529
FORD Bronco Black Diamond,2.3,4,4WD,small SUV,5,17,19,3,494
FORD Bronco Black Diamond,2.3,4,4WD,small SUV,5,18,18,3,493
FORD Bronco Sasquatch,2.3,4,4WD,small SUV,5,17,18,3,494
FORD Bronco Sasquatch,2.3,4,4WD,small SUV,5,18,17,3,494
FORD Bronco Sasquatch,2.7,6,4WD,small SUV,6,17,17,3,531
FORD Bronco Sport,1.5,3,4WD,small SUV,7,25,28,5,342
FORD Bronco Sport,2,4,4WD,small SUV,5,21,26,5,387
FORD EcoSport,2,4,4WD,small SUV,5,23,29,5,351
FORD Edge,2,4,4WD,small SUV,6,21,28,5,380
FORD Edge,2,4,4WD,small SUV,6,20,28,5,388
FORD Edge,2.7,6,4WD,small SUV,5,19,25,4,423
FORD Escape,1.5,3,2WD,small SUV,7,28,34,6,293
FORD Escape,1.5,3,4WD,small SUV,7,26,31,6,318
FORD Escape,2,4,4WD,small SUV,5,22,31,5,347
FORD Escape HEV,2.5,4,2WD,small SUV,7,44,37,8,220
FORD Escape HEV,2.5,4,4WD,small SUV,7,43,37,8,224
FORD Expedition,3.5,6,2WD,standard SUV,6,16,23,4,468
FORD Expedition,3.5,6,2WD,standard SUV,6,17,23,4,462
FORD Expedition,3.5,6,4WD,standard SUV,6,16,21,3,494
FORD Expedition,3.5,6,4WD,standard SUV,6,16,22,3,484
FORD Expedition Timberline,3.5,6,4WD,standard SUV,6,15,19,3,523
FORD Expedition Timberline,3.5,6,4WD,standard SUV,6,16,19,3,523
FORD Explorer,2.3,4,2WD,standard SUV,6,20,28,5,386
FORD Explorer,2.3,4,2WD,standard SUV,6,21,28,5,370
FORD Explorer,2.3,4,4WD,standard SUV,6,20,26,5,404
FORD Explorer,2.3,4,4WD,standard SUV,6,20,27,5,387
FORD Explorer,3,6,2WD,standard SUV,5,18,26,4,428
FORD Explorer,3,6,4WD,standard SUV,5,18,24,4,445
FORD Explorer,3,6,2WD,standard SUV,5,18,25,4,437
FORD Explorer,3,6,4WD,standard SUV,5,18,24,4,444
FORD Explorer HEV,3.3,6,2WD,standard SUV,6,27,28,6,324
FORD Explorer HEV,3.3,6,4WD,standard SUV,6,23,26,5,361
FORD Explorer Platinum HEV,3.3,6,2WD,standard SUV,6,25,26,5,342
FORD Explorer Platinum HEV,3.3,6,4WD,standard SUV,6,23,24,5,379
FORD Explorer Timberline,2.3,4,4WD,standard SUV,6,19,21,4,445
FORD Explorer Timberline,2.3,4,4WD,standard SUV,6,19,22,4,433
FORD F150,2.7,6,2WD,pickup,6,20,26,5,404
FORD F150,2.7,6,4WD,pickup,6,17,23,4,453
FORD F150,2.7,6,4WD,pickup,6,19,24,4,433
FORD F150,3.5,6,2WD,pickup,6,17,24,4,444
FORD F150,3.5,6,2WD,pickup,6,18,24,4,436
FORD F150,3.5,6,4WD,pickup,6,17,23,4,467
FORD F150,3.5,6,4WD,pickup,6,18,23,4,444
FORD F150 HEV,3.5,6,2WD,pickup,6,25,25,5,353
FORD F150 HEV,3.5,6,4WD,pickup,6,23,23,5,386
FORD F150 Raptor,3.5,6,4WD,pickup,6,14,18,2,593
FORD F150 Raptor,3.5,6,4WD,pickup,6,15,18,3,553
FORD F150 Raptor 37,3.5,6,4WD,pickup,6,14,16,2,596
FORD F150 Raptor 37,3.5,6,4WD,pickup,6,15,16,2,578
FORD F150 Tremor,3.5,6,4WD,pickup,6,16,20,3,498
FORD F150 Tremor,3.5,6,4WD,pickup,6,16,20,3,503
FORD GT,3.5,6,2WD,small car,3,12,18,2,632
FORD Maverick,2,4,2WD,pickup,5,23,30,5,342
FORD Maverick,2,4,4WD,pickup,5,22,29,5,356
FORD Maverick HEV,2.5,4,2WD,pickup,6,42,33,8,237
FORD Mustang,2.3,4,2WD,small car,5,22,32,5,350
FORD Mustang,2.3,4,2WD,small car,5,21,29,5,373
FORD Mustang,2.3,4,2WD,small car,5,21,32,5,354
FORD Mustang,5,8,2WD,small car,3,15,24,3,500
FORD Mustang,5,8,2WD,small car,3,15,24,4,479
FORD Mustang Convertible,2.3,4,2WD,small car,5,20,28,5,386
FORD Mustang Convertible,2.3,4,2WD,small car,5,20,27,5,386
FORD Mustang Convertible,2.3,4,2WD,small car,5,20,28,5,386
FORD Mustang Convertible,5,8,2WD,small car,3,15,23,3,497
FORD Mustang HO Convertible,2.3,4,2WD,small car,5,19,25,4,423
FORD Mustang HO Convertible,2.3,4,2WD,small car,5,19,26,5,404
FORD Mustang HO Coupe,2.3,4,2WD,small car,5,20,27,5,396
FORD Mustang HO Coupe,2.3,4,2WD,small car,5,20,27,5,386
FORD Mustang Mach 1,5,8,2WD,small car,3,14,22,3,523
FORD Mustang Mach 1,5,8,2WD,small car,3,15,23,3,493
FORD Ranger,2.3,4,2WD,pickup,5,21,26,5,387
FORD Ranger,2.3,4,2WD,pickup,6,20,26,5,397
FORD Ranger,2.3,4,2WD,pickup,6,21,26,5,387
FORD Ranger,2.3,4,4WD,pickup,5,20,24,5,411
FORD Ranger,2.3,4,4WD,pickup,6,19,24,4,420
FORD Ranger,2.3,4,4WD,pickup,6,20,24,5,411
FORD Ranger Tremor,2.3,4,4WD,pickup,3,19,19,4,468
FORD Shelby GT500 Mustang,5.2,8,2WD,small car,3,12,18,2,631
FORD Transit Connect,2,4,2WD,special purpose,6,24,27,5,355
FORD Transit Connect,2,4,2WD,special purpose,6,24,28,5,347
FORD Transit Connect,2.5,4,2WD,special purpose,5,20,26,5,401
FORD Transit Connect,2.5,4,2WD,special purpose,5,20,26,5,404
FORD Transit Connect USPS,2.5,4,2WD,special purpose,5,20,27,5,396
GENESIS G70,2,4,2WD,small car,3,21,31,5,367
GENESIS G70,2,4,4WD,small car,3,20,28,5,385
GENESIS G70,3.3,6,2WD,small car,3,18,27,4,433
GENESIS G70,3.3,6,4WD,small car,3,17,25,4,447
GENESIS G80,2.5,4,2WD,large car,5,23,32,5,345
GENESIS G80,2.5,4,4WD,large car,5,22,30,5,360
GENESIS G80,3.5,6,4WD,large car,5,17,26,4,439
GENESIS G90,3.3,6,2WD,large car,3,17,24,4,459
GENESIS G90,3.3,6,4WD,large car,3,17,24,4,460
GENESIS G90,5,8,2WD,large car,5,16,24,4,481
GENESIS G90,5,8,4WD,large car,5,16,23,3,488
GENESIS GV70,2.5,4,4WD,small SUV,5,19,26,5,408
GENESIS GV70,2.5,4,4WD,small SUV,5,22,28,5,368
GENESIS GV70,3.5,6,4WD,small SUV,5,19,25,4,428
GENESIS GV80,2.5,4,2WD,small SUV,5,21,25,5,394
GENESIS GV80,2.5,4,4WD,standard SUV,5,21,25,5,401
GENESIS GV80,3.5,6,4WD,standard SUV,5,18,23,4,448
GMC Acadia,2,4,2WD,standard SUV,7,22,29,5,358
GMC Acadia,2,4,4WD,standard SUV,7,22,27,5,368
GMC Acadia,3.6,6,2WD,standard SUV,6,19,27,5,405
GMC Acadia,3.6,6,4WD,standard SUV,6,19,26,4,417
GMC Canyon,2.5,4,2WD,pickup,6,19,25,5,413
GMC Canyon,2.5,4,4WD,pickup,6,19,24,4,431
GMC Canyon,3.6,6,2WD,pickup,6,18,25,4,424
GMC Canyon,3.6,6,4WD,pickup,6,17,24,4,465
GMC Sierra,2.7,4,2WD,pickup,6,19,22,4,441
GMC Sierra,2.7,4,4WD,pickup,6,17,20,3,489
GMC Sierra,2.7,4,4WD,pickup,6,17,20,3,492
GMC Sierra,5.3,8,2WD,pickup,6,16,21,3,484
GMC Sierra,5.3,8,2WD,pickup,6,16,21,3,491
GMC Sierra,5.3,8,2WD,special purpose,6,15,18,3,536
GMC Sierra,5.3,8,4WD,pickup,6,14,19,3,550
GMC Sierra,5.3,8,4WD,pickup,6,14,19,3,555
GMC Sierra,5.3,8,4WD,pickup,6,15,19,3,545
GMC Sierra,5.3,8,4WD,pickup,6,15,19,3,529
GMC Sierra,5.3,8,4WD,pickup,6,16,20,3,513
GMC Sierra,5.3,8,4WD,special purpose,6,13,17,2,611
GMC Sierra,5.3,8,4WD,special purpose,6,15,17,3,555
GMC Sierra,5.3,8,2WD,pickup,6,16,21,3,503
GMC Sierra,5.3,8,2WD,pickup,6,16,21,3,506
GMC Sierra,5.3,8,2WD,special purpose,6,14,17,2,583
GMC Sierra,5.3,8,4WD,pickup,6,15,20,3,521
GMC Sierra,5.3,8,4WD,pickup,6,15,20,3,523
GMC Sierra,5.3,8,4WD,special purpose,6,14,17,2,589
GMC Sierra,6.2,8,4WD,pickup,6,14,19,3,555
GMC Sierra,6.2,8,4WD,pickup,6,15,20,3,529
GMC Sierra 4WD Mud Terrain Tires,2.7,4,4WD,pickup,6,16,18,3,522
GMC Sierra 4WD Mud Terrain Tires,5.3,8,4WD,pickup,6,13,17,2,592
GMC Sierra 4WD Mud Terrain Tires,5.3,8,4WD,pickup,6,14,17,2,580
GMC Sierra 4WD Mud Terrain Tires,5.3,8,4WD,pickup,6,14,18,2,577
GMC Sierra 4WD Mud Terrain Tires,6.2,8,4WD,pickup,6,13,17,2,620
GMC Sierra 4WD Mud Terrain Tires,6.2,8,4WD,pickup,6,14,18,3,566
GMC Terrain,1.5,4,2WD,small SUV,7,25,30,6,330
GMC Terrain,1.5,4,4WD,small SUV,7,25,28,5,342
GMC Yukon,5.3,8,2WD,standard SUV,6,15,20,3,527
GMC Yukon,5.3,8,2WD,standard SUV,6,15,20,3,534
GMC Yukon,5.3,8,4WD,standard SUV,6,14,19,3,556
GMC Yukon,5.3,8,4WD,standard SUV,6,15,20,3,527
GMC Yukon,6.2,8,2WD,standard SUV,6,14,20,3,542
GMC Yukon,6.2,8,2WD,standard SUV,6,14,20,3,547
GMC Yukon,6.2,8,4WD,standard SUV,6,14,19,3,555
GMC Yukon,6.2,8,4WD,standard SUV,6,14,19,3,568
GMC Yukon XL,5.3,8,2WD,standard SUV,6,15,20,3,527
GMC Yukon XL,5.3,8,2WD,standard SUV,6,15,20,3,534
GMC Yukon XL,5.3,8,4WD,standard SUV,6,14,19,3,569
GMC Yukon XL,5.3,8,4WD,standard SUV,6,15,19,3,554
GMC Yukon XL,6.2,8,2WD,standard SUV,6,14,19,3,561
GMC Yukon XL,6.2,8,2WD,standard SUV,6,14,19,3,562
GMC Yukon XL,6.2,8,4WD,standard SUV,6,14,19,3,555
GMC Yukon XL,6.2,8,4WD,standard SUV,6,14,19,3,568
HONDA Accord,1.5,4,2WD,large car,7,30,38,7,268
HONDA Accord,2,4,2WD,large car,7,48,47,9,186
HONDA Accord Sport/Touring,1.5,4,2WD,large car,7,29,35,7,278
HONDA Accord Sport/Touring,2,4,2WD,large car,7,44,41,8,207
HONDA Accord Sport/Touring,2,4,2WD,large car,7,22,32,5,345
HONDA CR-V,1.5,4,2WD,small SUV,6,28,34,6,294
HONDA CR-V,1.5,4,4WD,small SUV,6,27,32,6,305
HONDA CR-V,2,4,4WD,small SUV,7,40,35,8,234
HONDA Civic 4Dr,1.5,4,2WD,midsize car,7,33,42,7,243
HONDA Civic 4Dr,1.5,4,2WD,midsize car,6,27,37,7,285
HONDA Civic 4Dr,1.5,4,2WD,midsize car,7,31,38,7,260
HONDA Civic 4Dr,2,4,2WD,midsize car,7,31,40,7,254
HONDA Civic 4Dr,2,4,2WD,midsize car,7,30,37,7,266
HONDA Civic 5Dr,1.5,4,2WD,large car,7,31,39,7,258
HONDA Civic 5Dr,1.5,4,2WD,large car,6,28,37,7,282
HONDA Civic 5Dr,1.5,4,2WD,large car,7,30,37,7,267
HONDA Civic 5Dr,2,4,2WD,large car,7,30,38,7,269
HONDA Civic 5Dr,2,4,2WD,large car,6,26,36,6,304
HONDA Civic 5Dr,2,4,2WD,large car,7,29,37,7,277
HONDA HR-V,1.8,4,2WD,station wagon,5,28,34,6,292
HONDA HR-V,1.8,4,4WD,station wagon,5,27,31,6,311
HONDA HR-V,1.8,4,2WD,station wagon,5,28,34,6,292
HONDA HR-V,1.8,4,4WD,station wagon,5,26,31,6,314
HONDA Insight,1.5,4,2WD,midsize car,7,55,49,9,170
HONDA Insight Touring,1.5,4,2WD,small car,7,51,45,9,184
HONDA Odyssey,3.5,6,2WD,minivan,5,19,28,5,394
HONDA Passport,3.5,6,2WD,small SUV,3,20,25,5,405
HONDA Passport,3.5,6,4WD,small SUV,3,19,24,4,416
HONDA Pilot,3.5,6,2WD,small SUV,3,20,27,5,388
HONDA Pilot,3.5,6,4WD,small SUV,3,19,26,5,407
HONDA Pilot AWD TrailSport,3.5,6,4WD,small SUV,3,19,25,4,419
HONDA Ridgeline,3.5,6,4WD,pickup,3,18,24,4,441
HYUNDAI Accent,1.6,4,2WD,small car,3,33,41,7,248
HYUNDAI Elantra,1.6,4,2WD,midsize car,5,28,36,7,288
HYUNDAI Elantra,1.6,4,2WD,midsize car,5,25,34,6,318
HYUNDAI Elantra,2,4,2WD,midsize car,7,31,41,7,257
HYUNDAI Elantra,2,4,2WD,midsize car,7,33,43,8,244
HYUNDAI Elantra,2,4,2WD,midsize car,5,31,41,7,257
HYUNDAI Elantra,2,4,2WD,midsize car,5,33,43,8,244
HYUNDAI Elantra Hybrid,1.6,4,2WD,midsize car,7,49,52,9,177
HYUNDAI Elantra Hybrid Blue,1.6,4,2WD,midsize car,7,53,56,9,165
HYUNDAI Elantra N,2,4,2WD,midsize car,3,20,30,5,388
HYUNDAI Elantra N,2,4,2WD,midsize car,3,22,31,5,358
HYUNDAI Ioniq,1.6,4,2WD,large car,7,54,57,9,162
HYUNDAI Ioniq Blue,1.6,4,2WD,large car,7,58,60,10,151
HYUNDAI Kona,1.6,4,2WD,small SUV,5,29,35,7,284
HYUNDAI Kona,1.6,4,4WD,small SUV,5,27,32,6,311
HYUNDAI Kona,2,4,2WD,small SUV,7,30,35,7,281
HYUNDAI Kona,2,4,4WD,small SUV,7,28,33,6,301
HYUNDAI Kona N,2,4,2WD,small SUV,3,20,27,5,396
HYUNDAI Palisade,3.8,6,2WD,standard SUV,5,19,26,5,407
HYUNDAI Palisade,3.8,6,4WD,standard SUV,5,19,24,4,426
HYUNDAI Santa Cruz,2.5,4,4WD,small SUV,5,19,27,5,403
HYUNDAI Santa Cruz,2.5,4,2WD,small SUV,5,21,26,5,385
HYUNDAI Santa Cruz,2.5,4,4WD,small SUV,5,21,27,5,382
HYUNDAI Santa Fe,2.5,4,2WD,small SUV,5,22,28,5,365
HYUNDAI Santa Fe,2.5,4,4WD,small SUV,5,21,28,5,375
HYUNDAI Santa Fe,2.5,4,2WD,small SUV,7,25,28,5,344
HYUNDAI Santa Fe,2.5,4,4WD,small SUV,7,22,25,5,378
HYUNDAI Santa Fe Hybrid,1.6,4,4WD,small SUV,7,33,30,7,283
HYUNDAI Santa Fe Hybrid Blue,1.6,4,4WD,small SUV,7,36,31,7,264
HYUNDAI Sonata,1.6,4,2WD,large car,5,27,37,7,293
HYUNDAI Sonata,2.5,4,2WD,large car,5,23,33,6,335
HYUNDAI Sonata,2.5,4,2WD,large car,7,27,37,7,293
HYUNDAI Sonata,2.5,4,2WD,large car,7,28,38,7,282
HYUNDAI Sonata Hybrid,2,4,2WD,large car,7,45,51,9,189
HYUNDAI Sonata Hybrid Blue,2,4,2WD,large car,7,50,54,9,172
HYUNDAI Tuscon,2.5,4,2WD,small SUV,5,26,33,6,314
HYUNDAI Tuscon,2.5,4,4WD,small SUV,5,24,29,5,349
HYUNDAI Tuscon Hybrid,1.6,4,4WD,small SUV,7,37,36,8,245
HYUNDAI Tuscon Hybrid Blue,1.6,4,4WD,small SUV,7,38,38,8,238
HYUNDAI Veloster N,2,4,2WD,small car,3,20,27,5,400
HYUNDAI Veloster N,2,4,2WD,small car,3,22,28,5,363
HYUNDAI Venue,1.6,4,2WD,midsize car,5,29,33,7,290
INFINITI Q50,3,6,2WD,midsize car,3,20,29,5,388
INFINITI Q50,3,6,4WD,midsize car,3,19,27,5,403
INFINITI Q50 Red Sport,3,6,2WD,midsize car,3,20,26,5,403
INFINITI Q50 Red Sport,3,6,4WD,midsize car,3,19,26,5,411
INFINITI Q60,3,6,2WD,small car,3,19,28,5,404
INFINITI Q60,3,6,4WD,small car,3,19,27,5,403
INFINITI Q60 Red Sport,3,6,2WD,small car,3,20,27,5,405
INFINITI Q60 Red Sport,3,6,4WD,small car,3,19,26,4,423
INFINITI QX50,2,4,2WD,small SUV,6,23,29,5,348
INFINITI QX50,2,4,4WD,small SUV,6,22,28,5,366
INFINITI QX55,2,4,4WD,small SUV,6,22,28,5,364
INFINITI QX60,3.5,6,2WD,standard SUV,5,21,26,5,391
INFINITI QX60,3.5,6,4WD,standard SUV,5,20,25,5,407
INFINITI QX80,5.6,8,2WD,standard SUV,3,14,20,3,552
INFINITI QX80,5.6,8,4WD,standard SUV,3,13,19,2,592
INFINITI QX80,5.6,8,4WD,standard SUV,3,13,19,2,593
JAGUAR E-Pace,2,4,4WD,small SUV,7,20,26,5,398
JAGUAR E-Pace MHEV,2,4,4WD,small SUV,7,21,26,5,394
JAGUAR F-Pace,2,4,4WD,small SUV,7,22,27,5,365
JAGUAR F-Pace P340 MHEV,3,6,4WD,small SUV,7,20,27,5,402
JAGUAR F-Pace P400 MHEV,3,6,4WD,small SUV,7,19,26,5,408
JAGUAR F-Pace SVR,5,8,4WD,small SUV,3,15,21,3,509
JAGUAR F-Type P450 Convertible,5,8,2WD,small car,3,17,24,4,460
JAGUAR F-Type P450 Coupe,5,8,2WD,small car,3,17,24,4,460
JAGUAR F-Type P450 R-Dynamic Conv,5,8,4WD,small car,3,16,24,3,481
JAGUAR F-Type P450 R-Dynamic Coupe,5,8,4WD,small car,3,16,24,3,481
JAGUAR F-Type R Convertible,5,8,4WD,small car,3,16,24,3,481
JAGUAR F-Type R Coupe,5,8,4WD,small car,3,16,24,3,481
JAGUAR XF P250,2,4,2WD,midsize car,7,25,33,6,317
JAGUAR XF P250,2,4,4WD,midsize car,7,23,32,5,336
JAGUAR XF P300,2,4,4WD,midsize car,7,22,30,5,352
JEEP Cherokee,2,4,2WD,small SUV,5,23,31,5,345
JEEP Cherokee,2,4,4WD,small SUV,5,21,29,5,369
JEEP Cherokee,2.4,4,2WD,small SUV,6,22,31,5,352
JEEP Cherokee,2.4,4,4WD,small SUV,6,21,29,5,370
JEEP Cherokee,3.2,6,2WD,small SUV,5,20,29,5,387
JEEP Cherokee,3.2,6,4WD,small SUV,5,19,27,5,400
JEEP Cherokee Trailhawk,3.2,6,4WD,small SUV,5,18,24,4,432
JEEP Compass,2.4,4,2WD,small SUV,6,22,31,5,350
JEEP Compass,2.4,4,4WD,small SUV,6,22,30,5,358
JEEP Gladiator,3.6,6,4WD,pickup,7,17,22,4,466
JEEP Gladiator,3.6,6,4WD,pickup,5,16,23,4,476
JEEP Grand Cherokee,3.6,6,2WD,standard SUV,7,19,26,5,407
JEEP Grand Cherokee,3.6,6,4WD,standard SUV,7,19,26,5,413
JEEP Grand Cherokee,5.7,8,4WD,standard SUV,5,14,22,3,533
JEEP Grand Cherokee L,3.6,6,2WD,standard SUV,7,19,26,4,416
JEEP Grand Cherokee L,3.6,6,4WD,standard SUV,7,18,25,4,430
JEEP Grand Cherokee L,5.7,8,4WD,standard SUV,5,14,22,3,533
JEEP Grand Cherokee WK,3.6,6,2WD,standard SUV,7,19,26,4,414
JEEP Grand Cherokee WK,3.6,6,4WD,standard SUV,7,18,25,4,427
JEEP Grand Wagoneer,3,6,2WD,standard SUV,5,15,21,3,521
JEEP Grand Wagoneer,3,6,4WD,standard SUV,5,14,20,3,537
JEEP Grand Wagoneer,6.4,8,2WD,standard SUV,1,13,19,2,595
JEEP Grand Wagoneer,6.4,8,4WD,standard SUV,1,13,18,2,602
JEEP Renegade,1.3,4,2WD,small SUV,6,24,32,6,329
JEEP Renegade,1.3,4,4WD,small SUV,6,23,29,5,347
JEEP Renegade Trailhawk,1.3,4,4WD,small SUV,6,22,27,5,372
JEEP Wagoneer,5.7,8,2WD,standard SUV,5,16,22,3,480
JEEP Wagoneer,5.7,8,4WD,standard SUV,5,15,20,3,520
JEEP Wrangler,2,4,4WD,small SUV,5,21,24,5,404
JEEP Wrangler,2,4,4WD,small SUV,5,22,24,5,388
JEEP Wrangler,3.6,6,4WD,small SUV,7,18,23,4,440
JEEP Wrangler,3.6,6,4WD,small SUV,7,18,23,4,443
JEEP Wrangler,3.6,6,4WD,small SUV,5,19,24,4,421
JEEP Wrangler,3.6,6,4WD,small SUV,5,20,24,4,416
JEEP Wrangler,3.6,6,4WD,small SUV,7,19,24,4,421
JEEP Wrangler,3.6,6,4WD,small SUV,7,20,24,4,416
JEEP Wrangler,3.6,6,4WD,small SUV,5,17,23,4,459
JEEP Wrangler,3.6,6,4WD,small SUV,5,17,25,4,446
JEEP Wrangler,6.4,8,4WD,small SUV,1,13,17,2,623
KIA Carnival,3.5,6,2WD,minivan,5,19,26,5,407
KIA Forte,1.6,4,2WD,midsize car,5,27,35,6,296
KIA Forte,1.6,4,2WD,midsize car,5,22,31,5,348
KIA Forte,2,4,2WD,midsize car,7,29,39,7,271
KIA Forte,2,4,2WD,midsize car,5,29,39,7,271
KIA Forte FE,2,4,2WD,midsize car,5,31,41,7,256
KIA K5,1.6,4,2WD,large car,5,27,37,7,292
KIA K5,1.6,4,2WD,large car,5,29,38,7,277
KIA K5,1.6,4,4WD,large car,5,25,33,6,316
KIA K5,2.5,4,2WD,large car,5,24,32,6,332
KIA Niro,1.6,4,2WD,station wagon,7,51,46,9,183
KIA Niro FE,1.6,4,2WD,station wagon,7,53,48,9,179
KIA Niro Touring,1.6,4,2WD,station wagon,7,46,40,8,208
KIA Rio,1.6,4,2WD,small car,3,33,41,7,250
KIA Seltos,1.6,4,4WD,small SUV,5,25,30,6,331
KIA Seltos,2,4,2WD,small SUV,5,29,35,7,283
KIA Seltos,2,4,4WD,small SUV,5,27,31,6,314
KIA Sorento,2.5,4,2WD,small SUV,5,22,29,5,360
KIA Sorento,2.5,4,4WD,small SUV,5,22,27,5,377
KIA Sorento,2.5,4,2WD,small SUV,5,24,29,5,342
KIA Sorento,2.5,4,4WD,small SUV,5,23,25,5,366
KIA Sorento Hybrid,1.6,4,2WD,small SUV,7,39,35,8,242
KIA Sorento Hybrid,1.6,4,4WD,small SUV,7,36,33,7,257
KIA Soul,1.6,4,2WD,station wagon,5,27,32,6,309
KIA Soul,2,4,2WD,station wagon,7,28,33,6,301
KIA Soul Eco dynamics,2,4,2WD,station wagon,7,29,35,7,287
KIA Sportage,2,4,2WD,small SUV,5,20,28,5,392
KIA Sportage,2,4,4WD,small SUV,5,19,24,4,421
KIA Sportage,2.4,4,2WD,small SUV,7,23,30,5,350
KIA Sportage,2.4,4,2WD,small SUV,5,23,30,5,350
KIA Sportage,2.4,4,4WD,small SUV,7,22,26,5,389
KIA Sportage,2.4,4,4WD,small SUV,5,22,26,5,389
KIA Stinger,2.5,4,2WD,midsize car,3,22,32,5,355
KIA Stinger,2.5,4,4WD,midsize car,3,21,29,5,380
KIA Stinger,3.3,6,2WD,midsize car,3,18,25,4,437
KIA Stinger,3.3,6,4WD,midsize car,3,17,24,4,451
KIA Telluride,3.8,6,2WD,small SUV,5,20,26,5,395
KIA Telluride,3.8,6,4WD,small SUV,5,19,24,4,429
LAMBORGHINI Aventador Countach,6.5,12,4WD,small car,1,9,16,1,787
LAMBORGHINI Aventador Coupe,6.5,12,4WD,small car,1,9,16,1,802
LAMBORGHINI Aventador Roadster,6.5,12,4WD,small car,1,9,16,1,802
LAMBORGHINI Huracan,5.2,10,2WD,small car,1,13,18,2,596
LAMBORGHINI Huracan,5.2,10,4WD,small car,1,13,18,2,596
LAMBORGHINI Huracan Spyder,5.2,10,2WD,small car,1,13,18,2,596
LAMBORGHINI Huracan Spyder,5.2,10,4WD,small car,1,13,18,2,596
LAMBORGHINI Urus,4,8,4WD,standard SUV,3,12,17,2,617
LAND ROVER Defender 110,2,4,4WD,standard SUV,7,17,20,3,492
LAND ROVER Defender 110,5,8,4WD,standard SUV,3,14,19,3,563
LAND ROVER Defender 110 MHEV,3,6,4WD,standard SUV,7,17,22,4,462
LAND ROVER Defender 90,2,4,4WD,standard SUV,7,18,21,4,466
LAND ROVER Defender 90,5,8,4WD,standard SUV,3,15,19,3,545
LAND ROVER Defender 90 MHEV,3,6,4WD,standard SUV,7,17,22,4,462
LAND ROVER Discovery,2,4,4WD,standard SUV,7,19,22,4,436
LAND ROVER Discovery MHEV,3,6,4WD,standard SUV,7,18,24,4,435
LAND ROVER Discovery Sport,2,4,4WD,small SUV,7,19,23,4,437
LAND ROVER New Range Rover,4.4,8,4WD,standard SUV,5,16,21,3,508
LAND ROVER New Range Rover LWB,4.4,8,4WD,standard SUV,5,16,21,3,505
LAND ROVER New Range Rover P360 LWB MHEV,3,6,4WD,standard SUV,7,18,26,4,427
LAND ROVER New Range Rover P360 MHEV,3,6,4WD,standard SUV,7,18,26,4,427
LAND ROVER New Range Rover P400 LWB MHEV,3,6,4WD,standard SUV,7,18,26,4,427
LAND ROVER New Range Rover P400 MHEV,3,6,4WD,standard SUV,7,18,26,4,427
LAND ROVER Range Rover,5,8,4WD,standard SUV,3,16,21,3,491
LAND ROVER Range Rover Evoque,2,4,4WD,small SUV,7,20,27,5,398
LAND ROVER Range Rover Evoque MHEV,2,4,4WD,small SUV,7,21,26,5,393
LAND ROVER Range Rover LWB,5,8,4WD,standard SUV,3,16,21,3,491
LAND ROVER Range Rover LWB SVA,5,8,4WD,standard SUV,3,13,19,2,587
LAND ROVER Range Rover P360 MHEV,3,6,4WD,standard SUV,7,18,23,4,449
LAND ROVER Range Rover P400 MHEV,3,6,4WD,standard SUV,7,18,23,4,449
LAND ROVER Range Rover SVA,5,8,4WD,standard SUV,3,14,19,3,569
LAND ROVER Range Rover Sport,5,8,4WD,standard SUV,3,17,22,4,474
LAND ROVER Range Rover Sport P360 MHEV,3,6,4WD,standard SUV,7,19,24,4,433
LAND ROVER Range Rover Sport P400 MHEV,3,6,4WD,standard SUV,7,19,24,4,433
LAND ROVER Range Rover Sport SVR,5,8,4WD,standard SUV,3,15,20,3,540
LAND ROVER Range Rover Velar,2,4,4WD,small SUV,7,20,26,5,393
LAND ROVER Range Rover Velar P340 MHEV,3,6,4WD,small SUV,7,20,26,5,399
LAND ROVER Range Rover Velar P400 MHEV,3,6,4WD,small SUV,7,19,25,4,426
LEXUS ES 250,2.5,4,4WD,midsize car,6,25,34,6,315
LEXUS ES 300h,2.5,4,2WD,midsize car,7,43,44,8,201
LEXUS ES 350,3.5,6,2WD,midsize car,5,22,32,5,344
LEXUS ES 350 F Sport,3.5,6,2WD,midsize car,5,22,31,5,352
LEXUS GX 460,4.6,8,4WD,standard SUV,3,15,19,3,542
LEXUS IS 300,2,4,2WD,small car,5,21,31,5,356
LEXUS IS 300,3.5,6,4WD,small car,5,19,26,5,407
LEXUS IS 350,3.5,6,4WD,small car,5,19,26,5,407
LEXUS IS 350,3.5,6,2WD,small car,5,20,28,5,385
LEXUS IS 500,5,8,2WD,small car,5,17,25,4,451
LEXUS LC 500,5,8,2WD,small car,5,16,25,4,473
LEXUS LC 500 Convertible,5,8,2WD,small car,5,15,25,3,489
LEXUS LC 500h,3.5,6,2WD,small car,7,26,34,6,303
LEXUS LS 500,3.4,6,2WD,midsize car,5,18,29,5,404
LEXUS LS 500,3.4,6,4WD,midsize car,5,17,27,4,432
LEXUS LS 500h,3.5,6,4WD,midsize car,7,22,29,5,358
LEXUS LX 600,3.4,6,4WD,standard SUV,5,17,22,4,477
LEXUS NX 250,2.5,4,2WD,small SUV,6,26,33,6,311
LEXUS NX 250,2.5,4,4WD,small SUV,6,25,32,6,318
LEXUS NX 350,2.4,4,4WD,small SUV,7,22,28,5,358
LEXUS NX 350,2.4,4,4WD,small SUV,7,22,29,5,357
LEXUS NX 350h,2.5,4,4WD,small SUV,7,41,37,8,225
LEXUS RC 300,2,4,2WD,small car,5,21,31,5,356
LEXUS RC 300,3.5,6,4WD,small car,5,19,26,5,407
LEXUS RC 350,3.5,6,4WD,small car,5,19,26,5,407
LEXUS RC 350,3.5,6,2WD,small car,5,20,28,5,385
LEXUS RC F,5,8,2WD,small car,5,16,24,4,459
LEXUS RX 350,3.5,6,2WD,small SUV,5,20,27,5,391
LEXUS RX 350,3.5,6,4WD,small SUV,5,19,26,5,405
LEXUS RX 350 L,3.5,6,2WD,small SUV,5,19,26,5,407
LEXUS RX 350 L,3.5,6,4WD,small SUV,5,18,25,4,432
LEXUS RX 450h,3.5,6,4WD,standard SUV,7,31,28,6,297
LEXUS RX 450h L,3.5,6,4WD,standard SUV,7,29,28,6,305
LEXUS UX 200,2,4,2WD,midsize car,6,29,37,7,271
LEXUS UX 250h,2,4,2WD,small car,7,43,41,8,209
LEXUS UX 250h,2,4,4WD,small car,7,41,38,8,225
LINCOLN Aviator,3,6,2WD,standard SUV,5,18,26,4,424
LINCOLN Aviator,3,6,4WD,standard SUV,5,17,24,4,451
LINCOLN Corsair,2,4,2WD,small SUV,5,22,29,5,361
LINCOLN Corsair,2,4,4WD,small SUV,5,21,29,5,369
LINCOLN Corsair,2.3,4,4WD,small SUV,5,21,28,5,371
LINCOLN Nautilus,2,4,4WD,small SUV,6,20,25,5,404
LINCOLN Nautilus,2,4,4WD,small SUV,6,20,25,5,404
LINCOLN Nautilus,2.7,6,4WD,small SUV,5,19,25,4,423
LINCOLN Navigator,3.5,6,2WD,standard SUV,6,17,23,4,462
LINCOLN Navigator,3.5,6,4WD,standard SUV,6,16,22,3,498
LINCOLN Nuatilus,2,4,2WD,small SUV,6,21,26,5,384
LINCOLN Nuatilus,2,4,2WD,small SUV,6,21,26,5,387
MASERATI Ghibli GT,3,6,2WD,midsize car,3,18,25,4,436
MASERATI Ghibli Modena,3,6,2WD,midsize car,3,18,25,4,436
MASERATI Ghibli Modena,3,6,4WD,midsize car,3,16,24,4,472
MASERATI Ghibli Trofeo,3.8,8,2WD,midsize car,3,13,20,3,560
MASERATI Ghibli Trofeo,3.8,8,2WD,midsize car,1,13,20,3,560
MASERATI Levante GT,3,6,4WD,standard SUV,3,16,22,3,495
MASERATI Levante Modena,3,6,4WD,standard SUV,3,16,22,3,495
MASERATI Levante Modena V8,3.8,8,4WD,standard SUV,3,13,20,3,562
MASERATI Levante Modena V8,3.8,8,4WD,standard SUV,1,13,20,3,562
MASERATI Levante Trofeo,3.8,8,4WD,standard SUV,3,13,20,3,562
MASERATI Levante Trofeo,3.8,8,4WD,standard SUV,1,13,20,3,562
MASERATI MC20,3,6,2WD,small car,5,15,25,3,474
MASERATI Quattroporte GT,3,6,2WD,large car,3,16,25,4,453
MASERATI Quattroporte Modena,3,6,2WD,large car,3,16,25,4,453
MASERATI Quattroporte Modena,3,6,4WD,large car,3,16,24,4,472
MASERATI Quattroporte Trofeo,3.8,8,2WD,large car,3,13,20,3,560
MASERATI Quattroporte Trofeo,3.8,8,2WD,large car,1,13,20,3,560
MAZDA 3,2,4,2WD,small car,7,28,36,7,287
MAZDA 3,2.5,4,2WD,midsize car,7,24,33,6,323
MAZDA 3,2.5,4,2WD,midsize car,7,26,34,6,306
MAZDA 3,2.5,4,2WD,small car,7,26,35,6,300
MAZDA 3,2.5,4,4WD,midsize car,7,25,31,6,326
MAZDA 3,2.5,4,4WD,small car,7,25,33,6,320
MAZDA 3,2.5,4,4WD,midsize car,5,23,31,5,337
MAZDA 3,2.5,4,4WD,small car,5,23,32,6,334
MAZDA CX-30,2.5,4,4WD,small SUV,7,24,31,5,334
MAZDA CX-30,2.5,4,4WD,small SUV,5,22,30,5,353
MAZDA CX-5 4WD,2.5,4,4WD,small SUV,7,24,30,5,337
MAZDA CX-5 4WD,2.5,4,4WD,small SUV,6,24,30,5,337
MAZDA CX-5 4WD,2.5,4,4WD,small SUV,5,22,27,5,370
MAZDA CX-9,2.5,4,4WD,small SUV,5,20,26,5,392
MAZDA MX-5,2,4,2WD,small car,3,26,34,6,305
MAZDA MX-5,2,4,2WD,small car,3,26,35,6,299
MERCEDES-BENZ A 220,2,4,2WD,small car,5,24,35,6,313
MERCEDES-BENZ A 220 4Matic,2,4,4WD,small car,5,25,35,6,312
MERCEDES-BENZ AMG A35 4Matic,2,4,4WD,small car,5,22,30,5,356
MERCEDES-BENZ AMG C43 4Matic,3,6,4WD,small car,5,19,28,5,402
MERCEDES-BENZ AMG C43 4Matic,3,6,4WD,small car,5,19,28,5,406
MERCEDES-BENZ AMG CLA 35 4Matic,2,4,4WD,small car,5,21,29,5,366
MERCEDES-BENZ AMG CLA45 4Matic,2,4,4WD,small car,3,20,28,5,392
MERCEDES-BENZ AMG E 53 4Matic+,3,6,4WD,midsize car,6,21,29,5,373
MERCEDES-BENZ AMG E 53 4Matic+,3,6,4WD,small car,6,20,27,5,397
MERCEDES-BENZ AMG E 53 4Matic+,3,6,4WD,small car,6,20,28,5,384
MERCEDES-BENZ AMG GLA35 4Matic,2,4,4WD,station wagon,5,22,30,5,355
MERCEDES-BENZ AMG GLA45 4Matic,2,4,4WD,station wagon,3,19,25,5,409
MERCEDES-BENZ AMG GLB35 4Matic,2,4,4WD,station wagon,5,20,27,5,396
MERCEDES-BENZ AMG GLC43 4Matic,3,6,4WD,small SUV,5,16,24,4,468
MERCEDES-BENZ AMG GLC43 4Matic,3,6,4WD,small SUV,5,18,25,4,430
MERCEDES-BENZ AMG GT 53 4Matic+,3,6,4WD,small car,6,19,25,4,415
MERCEDES-BENZ AMG GT43 4Matic+,3,6,4WD,small car,6,19,25,4,415
MERCEDES-BENZ C300,2,4,2WD,small car,6,21,28,5,373
MERCEDES-BENZ C300,2,4,2WD,small car,6,22,31,5,350
MERCEDES-BENZ C300,2,4,2WD,small car,7,25,35,6,305
MERCEDES-BENZ C300 4Matic,2,4,4WD,small car,6,21,30,5,361
MERCEDES-BENZ C300 4Matic,2,4,4WD,small car,6,22,31,5,350
MERCEDES-BENZ C300 4Matic,2,4,4WD,small car,7,23,33,6,330
MERCEDES-BENZ CLA250,2,4,2WD,small car,5,25,36,6,309
MERCEDES-BENZ CLA250 4Matic,2,4,4WD,small car,5,24,33,6,322
MERCEDES-BENZ CLS450 4Matic,3,6,4WD,small car,6,22,30,5,357
MERCEDES-BENZ E350,2,4,2WD,midsize car,6,23,31,5,342
MERCEDES-BENZ E350 4Matic,2,4,4WD,midsize car,6,21,29,5,366
MERCEDES-BENZ E450,3,6,2WD,small car,6,22,29,5,360
MERCEDES-BENZ E450 4Matic,3,6,4WD,midsize car,6,23,30,5,348
MERCEDES-BENZ E450 4Matic,3,6,4WD,small car,6,21,30,5,362
MERCEDES-BENZ E450 4Matic All-Terrain,3,6,4WD,station wagon,6,21,28,5,368
MERCEDES-BENZ E450 4Matic Convertible,3,6,4WD,small car,6,22,29,5,362
MERCEDES-BENZ E450 Convertible,3,6,2WD,small car,6,22,29,5,360
MERCEDES-BENZ GLA 250,2,4,2WD,special purpose,5,24,34,6,321
MERCEDES-BENZ GLA250 4Matic,2,4,4WD,small SUV,5,23,32,5,337
MERCEDES-BENZ GLB 250,2,4,2WD,special purpose,5,24,32,6,330
MERCEDES-BENZ GLB 250 4Matic,2,4,4WD,small SUV,5,22,30,5,361
MERCEDES-BENZ GLC 300,2,4,2WD,small SUV,6,22,27,5,373
MERCEDES-BENZ GLC 300 4Matic,2,4,4WD,small SUV,6,21,27,5,383
MERCEDES-BENZ GLC 300 4Matic,2,4,4WD,small SUV,6,21,28,5,374
MERCEDES-BENZ GLE350,2,4,2WD,small SUV,5,19,27,5,398
MERCEDES-BENZ GLE350 4Matic,2,4,4WD,small SUV,5,19,26,5,402
MERCEDES-BENZ GLE450 4Matic,3,6,4WD,standard SUV,6,20,26,5,394
MERCEDES-BENZ GLE450 4Matic,3,6,4WD,standard SUV,6,20,25,5,399
MERCEDES-BENZ Metris,2,4,2WD,special purpose,6,18,22,4,453
MERCEDES-BENZ Metris,2,4,2WD,special purpose,6,19,23,4,430
MERCEDES-BENZ S500 4Matic,3,6,4WD,large car,6,21,30,5,372
MERCEDES-BENZ S580 4Matic,4,8,4WD,large car,5,16,25,4,459
MERCEDES-BENZ S580 4Matic Maybach,4,8,4WD,large car,5,15,24,3,484
MINI Cooper Convertible,1.5,3,2WD,small car,7,29,38,7,273
MINI Cooper Convertible,1.5,3,2WD,small car,7,27,37,7,284
MINI Cooper Countryman,1.5,3,2WD,midsize car,7,26,33,6,306
MINI Cooper Countryman All4,1.5,3,4WD,midsize car,7,23,30,5,340
MINI Cooper Hardtop,1.5,3,2WD,small car,7,29,38,7,273
MINI Cooper Hardtop,1.5,3,2WD,small car,7,27,37,7,284
MINI Cooper S Clubman,2,4,2WD,midsize car,7,25,35,6,304
MINI Cooper S Clubman,2,4,2WD,midsize car,7,23,33,5,335
MINI Cooper S Clubman All4,2,4,4WD,midsize car,7,23,32,5,333
MINI Cooper S Convertible,2,4,2WD,small car,7,27,36,6,293
MINI Cooper S Convertible,2,4,2WD,small car,7,23,33,5,335
MINI Cooper S Countryman,2,4,2WD,midsize car,7,24,33,6,321
MINI Cooper S Countryman All4,2,4,4WD,midsize car,7,23,31,5,341
MINI Cooper S Hardtop,2,4,2WD,small car,7,28,38,7,280
MINI Cooper S Hardtop,2,4,2WD,small car,7,23,33,6,331
MINI JCW Countryman All4,2,4,4WD,midsize car,3,23,30,5,343
MINI John Cooper Works Clubman All4,2,4,4WD,midsize car,3,23,31,5,339
MINI John Cooper Works Convertible,2,4,2WD,small car,7,24,33,6,319
MINI John Cooper Works Hardtop,2,4,2WD,small car,7,22,31,5,348
MINI John Cooper Works Hardtop,2,4,2WD,small car,7,25,34,6,308
MITSUBISHI Eclipse Cross,1.5,4,2WD,small SUV,5,25,28,5,338
MITSUBISHI Eclipse Cross,1.5,4,4WD,small SUV,5,25,26,5,347
MITSUBISHI Eclipse Cross ES,1.5,4,2WD,small SUV,5,26,29,6,327
MITSUBISHI Eclipse Cross ES,1.5,4,4WD,small SUV,5,25,28,5,337
MITSUBISHI Mirage,1.2,3,2WD,small car,5,36,43,8,227
MITSUBISHI Mirage,1.2,3,2WD,small car,5,33,41,7,242
MITSUBISHI Mirage G4,1.2,3,2WD,small car,5,35,41,8,235
MITSUBISHI Mirage G4,1.2,3,2WD,small car,5,33,40,7,252
MITSUBISHI Outlander,2.5,4,2WD,small SUV,7,24,31,6,328
MITSUBISHI Outlander,2.5,4,4WD,small SUV,6,24,30,5,342
MITSUBISHI Outlander Sport,2,4,2WD,small SUV,5,24,30,6,331
MITSUBISHI Outlander Sport,2,4,4WD,small SUV,5,23,29,5,344
MITSUBISHI Outlander Sport,2.4,4,2WD,small SUV,5,23,29,5,354
MITSUBISHI Outlander Sport,2.4,4,4WD,small SUV,5,23,28,5,353
McLAREN 720S Coupe,4,8,2WD,small car,3,15,22,3,505
McLAREN 720S Spider,4,8,2WD,small car,3,15,22,3,505
McLAREN 765LT Spider,4,8,2WD,small car,3,14,18,3,565
McLAREN GT,4,8,2WD,small car,6,15,22,3,504
NISSAN Altima,2.5,4,2WD,midsize car,7,28,39,7,278
NISSAN Altima,2.5,4,4WD,midsize car,7,26,36,6,300
NISSAN Altima SR,2,4,2WD,midsize car,6,25,34,6,311
NISSAN Altima SR,2.5,4,2WD,midsize car,7,27,37,7,290
NISSAN Altima SR/Platinum,2.5,4,4WD,midsize car,7,25,35,6,307
NISSAN Altima SV/SL,2.5,4,2WD,midsize car,7,27,37,7,287
NISSAN Armada,5.6,8,2WD,standard SUV,3,14,19,3,558
NISSAN Armada,5.6,8,4WD,standard SUV,3,13,18,2,593
NISSAN Armada,5.6,8,4WD,standard SUV,3,13,18,2,594
NISSAN Frontier,3.8,6,2WD,pickup,5,18,24,4,444
NISSAN Frontier,3.8,6,4WD,pickup,5,17,22,4,458
NISSAN Kicks,1.6,4,2WD,midsize car,7,31,36,7,269
NISSAN Maxima,3.5,6,2WD,midsize car,3,20,30,5,370
NISSAN Murano,3.5,6,2WD,station wagon,5,20,28,5,387
NISSAN Murano,3.5,6,4WD,station wagon,5,20,28,5,392
NISSAN Pathfinder,3.5,6,2WD,small SUV,5,21,26,5,386
NISSAN Pathfinder,3.5,6,4WD,small SUV,5,21,27,5,384
NISSAN Pathfinder 4WD Platinum,3.5,6,4WD,standard SUV,5,20,25,5,399
NISSAN Rogue,1.5,3,2WD,small SUV,6,30,37,7,271
NISSAN Rogue,1.5,3,2WD,small SUV,6,30,37,7,271
NISSAN Rogue,1.5,3,4WD,small SUV,6,28,35,7,287
NISSAN Rogue,1.5,3,4WD,small SUV,6,28,35,7,287
NISSAN Rogue SL/Platinum,1.5,3,2WD,small SUV,6,29,36,7,278
NISSAN Rogue SL/Platinum,1.5,3,2WD,small SUV,6,29,36,7,278
NISSAN Rogue SL/Platinum,1.5,3,4WD,small SUV,6,28,34,7,288
NISSAN Rogue SL/Platinum,1.5,3,4WD,small SUV,6,28,34,7,288
NISSAN Rogue Sport,2,4,2WD,station wagon,6,25,32,6,318
NISSAN Rogue Sport,2,4,4WD,station wagon,6,24,30,6,330
NISSAN Sentra,2,4,2WD,midsize car,7,29,39,7,269
NISSAN Sentra SR,2,4,2WD,midsize car,7,28,37,7,283
NISSAN Titan,5.6,8,2WD,pickup,5,16,21,3,503
NISSAN Titan,5.6,8,4WD,pickup,5,15,21,3,505
NISSAN Titan Pro-4X,5.6,8,4WD,pickup,5,15,20,3,517
NISSAN Versa,1.6,4,2WD,small car,7,32,40,7,254
NISSAN Versa,1.6,4,2WD,small car,7,27,35,6,296
PORSCHE 718 Boxster,2,4,2WD,small car,1,21,27,5,375
PORSCHE 718 Boxster,2,4,2WD,small car,1,20,26,5,394
PORSCHE 718 Boxster GTS 4.0,4,6,2WD,small car,5,19,24,4,418
PORSCHE 718 Boxster GTS 4.0,4,6,2WD,small car,5,17,24,4,458
PORSCHE 718 Boxster S,2.5,4,2WD,small car,1,19,25,5,410
PORSCHE 718 Boxster S,2.5,4,2WD,small car,1,19,24,4,423
PORSCHE 718 Boxster T,2,4,2WD,small car,1,21,27,5,380
PORSCHE 718 Boxster T,2,4,2WD,small car,1,20,26,5,394
PORSCHE 718 Cayman,2,4,2WD,small car,1,21,27,5,375
PORSCHE 718 Cayman,2,4,2WD,small car,1,20,26,5,394
PORSCHE 718 Cayman GT4,4,6,2WD,small car,5,18,24,4,436
PORSCHE 718 Cayman GT4,4,6,2WD,small car,5,17,23,4,460
PORSCHE 718 Cayman GTS 4.0,4,6,2WD,small car,5,19,24,4,418
PORSCHE 718 Cayman GTS 4.0,4,6,2WD,small car,5,17,24,4,458
PORSCHE 718 Cayman S,2.5,4,2WD,small car,1,19,25,5,410
PORSCHE 718 Cayman S,2.5,4,2WD,small car,1,19,24,4,423
PORSCHE 718 Cayman T,2,4,2WD,small car,1,21,27,5,380
PORSCHE 718 Cayman T,2,4,2WD,small car,1,20,26,5,394
PORSCHE 718 Spyder,4,6,2WD,small car,5,18,24,4,436
PORSCHE 718 Spyder,4,6,2WD,small car,5,17,23,4,460
PORSCHE 911 Carrera,3,6,2WD,small car,5,18,24,4,443
PORSCHE 911 Carrera 4,3,6,4WD,small car,5,18,24,4,442
PORSCHE 911 Carrera 4 Cabriolet,3,6,4WD,small car,5,18,24,4,443
PORSCHE 911 Carrera 4 GTS,3,6,4WD,small car,5,17,23,4,464
PORSCHE 911 Carrera 4 GTS,3,6,4WD,small car,5,17,23,4,465
PORSCHE 911 Carrera 4 GTS Cabriolet,3,6,4WD,small car,5,17,22,4,463
PORSCHE 911 Carrera 4 GTS Cabriolet,3,6,4WD,small car,5,16,23,4,477
PORSCHE 911 Carrera 4S,3,6,4WD,small car,5,18,23,4,443
PORSCHE 911 Carrera 4S,3,6,4WD,small car,5,17,25,4,442
PORSCHE 911 Carrera 4S Cabriolet,3,6,4WD,small car,5,18,23,4,439
PORSCHE 911 Carrera 4S Cabriolet,3,6,4WD,small car,5,17,24,4,452
PORSCHE 911 Carrera Cabriolet,3,6,2WD,small car,5,18,24,4,443
PORSCHE 911 Carrera GTS,3,6,2WD,small car,5,17,23,4,465
PORSCHE 911 Carrera GTS,3,6,2WD,small car,5,17,24,4,444
PORSCHE 911 Carrera GTS Cabriolet,3,6,2WD,small car,5,17,23,4,465
PORSCHE 911 Carrera GTS Cabriolet,3,6,2WD,small car,5,17,24,4,448
PORSCHE 911 Carrera S,3,6,2WD,small car,5,18,23,4,441
PORSCHE 911 Carrera S,3,6,2WD,small car,5,18,25,4,425
PORSCHE 911 Carrera S Cabriolet,3,6,2WD,small car,5,18,23,4,439
PORSCHE 911 Carrera S Cabriolet,3,6,2WD,small car,5,17,25,4,443
PORSCHE 911 GT3,4,6,2WD,small car,3,15,18,3,538
PORSCHE 911 GT3,4,6,2WD,small car,3,14,18,3,571
PORSCHE 911 GT3 Touring,4,6,2WD,small car,3,15,18,3,539
PORSCHE 911 GT3 Touring,4,6,2WD,small car,3,14,18,3,570
PORSCHE 911 Targa 4,3,6,4WD,small car,5,18,24,4,442
PORSCHE 911 Targa 4 GTS,3,6,4WD,small car,5,17,22,4,461
PORSCHE 911 Targa 4 GTS,3,6,4WD,small car,5,16,23,4,477
PORSCHE 911 Targa 4S,3,6,4WD,small car,5,18,23,4,442
PORSCHE 911 Targa 4S,3,6,4WD,small car,5,17,24,4,447
PORSCHE 911 Turbo,3.7,6,4WD,small car,5,15,20,3,516
PORSCHE 911 Turbo Cabriolet,3.7,6,4WD,small car,5,15,20,3,521
PORSCHE 911 Turbo S,3.7,6,4WD,small car,5,15,20,3,517
PORSCHE 911 Turbo S Cabriolet,3.7,6,4WD,small car,5,15,20,3,528
PORSCHE Cayenne,3,6,4WD,standard SUV,5,17,22,4,466
PORSCHE Cayenne / Cayenne Coup,3,6,4WD,standard SUV,5,17,22,4,466
PORSCHE Cayenne GTS,4,8,4WD,standard SUV,3,15,19,3,525
PORSCHE Cayenne GTS,4,8,4WD,standard SUV,3,15,19,3,533
PORSCHE Cayenne S,2.9,6,4WD,standard SUV,5,16,21,3,490
PORSCHE Cayenne S,2.9,6,4WD,standard SUV,5,16,22,3,494
PORSCHE Cayenne Turbo,4,8,4WD,standard SUV,3,14,19,3,553
PORSCHE Cayenne Turbo,4,8,4WD,standard SUV,3,15,20,3,531
PORSCHE Cayenne Turbo GT Coupe,4,8,4WD,standard SUV,3,14,19,3,555
PORSCHE Macan,2,4,4WD,small SUV,5,19,25,4,424
PORSCHE Macan GTS,2.9,6,4WD,small SUV,5,17,22,4,466
PORSCHE Macan S,2.9,6,4WD,small SUV,5,17,23,4,466
PORSCHE Panamera,2.9,6,2WD,large car,5,18,24,4,441
PORSCHE Panamera 4,2.9,6,4WD,large car,5,18,24,4,441
PORSCHE Panamera 4 Executive,2.9,6,4WD,large car,5,17,23,4,465
PORSCHE Panamera 4 ST,2.9,6,4WD,large car,5,18,23,4,441
PORSCHE Panamera 4S,2.9,6,4WD,large car,5,18,24,4,445
PORSCHE Panamera 4S Executive,2.9,6,4WD,large car,5,17,23,4,469
PORSCHE Panamera 4S ST,2.9,6,4WD,large car,5,17,23,4,469
PORSCHE Panamera GTS,4,8,4WD,large car,3,15,21,3,520
PORSCHE Panamera GTS ST,4,8,4WD,large car,3,15,20,3,520
PORSCHE Panamera Turbo S / Exec / ST,4,8,4WD,large car,3,15,21,3,525
RAM 1500,3.6,6,2WD,pickup,5,20,25,5,407
RAM 1500,3.6,6,2WD,pickup,7,20,25,5,407
RAM 1500,3.6,6,4WD,pickup,5,19,24,4,417
RAM 1500,3.6,6,4WD,pickup,7,19,24,4,417
RAM 1500,5.7,8,2WD,pickup,5,15,22,3,514
RAM 1500,5.7,8,2WD,pickup,5,18,23,4,443
RAM 1500,5.7,8,4WD,pickup,5,15,21,3,523
RAM 1500,5.7,8,4WD,pickup,5,18,22,4,456
RAM 1500 Classic,3.6,6,2WD,pickup,7,17,25,4,450
RAM 1500 Classic,3.6,6,2WD,pickup,3,17,25,4,450
RAM 1500 Classic,3.6,6,4WD,pickup,7,16,23,4,475
RAM 1500 Classic,3.6,6,4WD,pickup,3,16,23,4,475
RAM 1500 Classic,5.7,8,2WD,pickup,5,15,21,3,519
RAM 1500 Classic,5.7,8,2WD,pickup,3,15,21,3,519
RAM 1500 Classic,5.7,8,4WD,pickup,5,15,21,3,526
RAM 1500 Classic,5.7,8,4WD,pickup,3,15,21,3,526
RAM 1500 HFE,3.6,6,2WD,pickup,5,20,26,5,394
RAM 1500 HFE,3.6,6,2WD,pickup,7,20,26,5,394
RAM 1500 TRX,6.2,8,4WD,pickup,1,10,14,1,748
RAM Promaster City,2.4,4,2WD,special purpose,6,21,28,5,374
ROLLS-ROYCE Cullinan,6.7,12,4WD,station wagon,3,12,20,2,618
ROLLS-ROYCE Cullinan Black Badge,6.7,12,4WD,station wagon,3,12,20,2,618
ROLLS-ROYCE Ghost,6.7,12,4WD,large car,3,12,19,2,624
ROLLS-ROYCE Ghost Black Badge,6.7,12,4WD,large car,3,12,19,2,624
ROLLS-ROYCE Ghost Extended,6.7,12,4WD,large car,3,12,19,2,624
ROLLS-ROYCE Phantom,6.7,12,2WD,large car,3,12,20,2,615
ROLLS-ROYCE Phantom Extended,6.7,12,2WD,large car,3,12,20,2,615
SUBARU Ascent,2.4,4,4WD,standard SUV,3,21,27,5,384
SUBARU Ascent Limited/Touring/Onyx,2.4,4,4WD,standard SUV,3,20,26,5,401
SUBARU BRZ,2.4,4,2WD,small car,3,20,27,5,398
SUBARU BRZ,2.4,4,2WD,small car,3,21,30,5,362
SUBARU Crosstrek,2,4,4WD,small SUV,7,22,29,5,355
SUBARU Crosstrek,2,4,4WD,small SUV,7,28,33,6,297
SUBARU Crosstrek,2.5,4,4WD,small SUV,7,27,34,6,302
SUBARU Forester,2.5,4,4WD,small SUV,7,26,33,6,310
SUBARU Forester Wilderness,2.5,4,4WD,small SUV,7,25,28,5,338
SUBARU Impreza,2,4,4WD,midsize car,7,23,31,5,337
SUBARU Impreza,2,4,4WD,station wagon,7,24,31,5,335
SUBARU Impreza,2,4,4WD,midsize car,7,28,36,7,280
SUBARU Impreza,2,4,4WD,station wagon,7,28,36,7,284
SUBARU Impreza Sport,2,4,4WD,station wagon,7,22,30,5,351
SUBARU Impreza Sport,2,4,4WD,midsize car,7,27,36,6,291
SUBARU Impreza Sport,2,4,4WD,station wagon,7,27,35,6,292
SUBARU Legacy,2.4,4,4WD,large car,3,24,32,6,330
SUBARU Legacy,2.5,4,4WD,large car,7,27,35,6,295
SUBARU Outback AWD,2.4,4,4WD,small SUV,3,23,30,5,343
SUBARU Outback AWD,2.5,4,4WD,small SUV,7,26,33,6,308
SUBARU Outback Wilderness,2.4,4,4WD,small SUV,3,22,26,5,377
SUBARU WRX,2.4,4,4WD,midsize car,3,19,26,5,407
SUBARU WRX,2.4,4,4WD,midsize car,3,19,25,4,419
TOYOTA 4Runner,4,6,2WD,standard SUV,5,16,19,3,503
TOYOTA 4Runner,4,6,4WD,standard SUV,5,16,19,3,515
TOYOTA 4Runner,4,6,4WD,standard SUV,5,16,19,3,519
TOYOTA Avalon,3.5,6,2WD,midsize car,5,22,31,5,352
TOYOTA Avalon Hybrid,2.5,4,2WD,midsize car,7,43,43,8,203
TOYOTA Avalon Hybrid XLE,2.5,4,2WD,midsize car,7,43,44,8,201
TOYOTA Avalon XLE,3.5,6,2WD,midsize car,5,22,32,5,341
TOYOTA C-HR,2,4,2WD,small car,3,27,31,6,305
TOYOTA Camry,3.5,6,2WD,midsize car,5,22,33,5,338
TOYOTA Camry Hybrid LE,2.5,4,2WD,midsize car,7,51,53,9,170
TOYOTA Camry Hybrid SE/XLE/XSE,2.5,4,2WD,midsize car,7,44,47,9,195
TOYOTA Camry LE/SE,2.5,4,2WD,midsize car,7,28,39,7,280
TOYOTA Camry LE/SE,2.5,4,4WD,midsize car,6,25,34,6,310
TOYOTA Camry TRD,3.5,6,2WD,midsize car,5,22,31,5,354
TOYOTA Camry XLE/XSE,2.5,4,2WD,midsize car,7,27,38,7,286
TOYOTA Camry XLE/XSE,2.5,4,4WD,midsize car,6,25,34,6,315
TOYOTA Camry XSE,3.5,6,2WD,midsize car,5,22,32,5,345
TOYOTA Corolla,1.8,4,2WD,small car,5,30,38,7,267
TOYOTA Corolla,1.8,4,2WD,small car,5,29,39,7,271
TOYOTA Corolla,2,4,2WD,small car,7,29,36,7,277
TOYOTA Corolla,2,4,2WD,small car,7,31,40,7,257
TOYOTA Corolla Apex,2,4,2WD,small car,7,28,36,7,286
TOYOTA Corolla Apex,2,4,2WD,small car,7,31,38,7,265
TOYOTA Corolla Cross,2,4,2WD,small SUV,7,31,33,7,275
TOYOTA Corolla Cross,2,4,4WD,small SUV,7,29,32,6,293
TOYOTA Corolla Hatchback,2,4,2WD,small car,7,28,36,7,284
TOYOTA Corolla Hatchback,2,4,2WD,small car,7,32,41,7,251
TOYOTA Corolla Hatchback XSE,2,4,2WD,small car,7,30,38,7,266
TOYOTA Corolla Hybrid,1.8,4,2WD,small car,7,53,52,9,170
TOYOTA Corolla XLE,1.8,4,2WD,small car,5,29,37,7,274
TOYOTA Corolla XSE,2,4,2WD,small car,7,31,38,7,265
TOYOTA GR86,2.4,4,2WD,small car,3,20,27,5,396
TOYOTA GR86,2.4,4,2WD,small car,3,21,31,5,360
TOYOTA Highlander,3.5,6,2WD,small SUV,5,20,28,5,389
TOYOTA Highlander,3.5,6,2WD,small SUV,5,21,29,5,372
TOYOTA Highlander,3.5,6,4WD,small SUV,5,20,27,5,387
TOYOTA Highlander Hybrid,2.5,4,2WD,small SUV,7,36,35,7,245
TOYOTA Highlander Hybrid,2.5,4,4WD,standard SUV,7,35,35,7,254
TOYOTA Highlander Hybrid LTD/PLAT,2.5,4,4WD,standard SUV,7,35,34,7,253
TOYOTA Prius,1.8,4,2WD,midsize car,7,54,50,9,170
TOYOTA Prius,1.8,4,4WD,midsize car,7,51,47,9,179
TOYOTA Prius Eco,1.8,4,2WD,midsize car,7,58,53,9,158
TOYOTA RAV4,2.5,4,2WD,small SUV,7,27,35,6,292
TOYOTA RAV4,2.5,4,2WD,small SUV,7,27,35,6,296
TOYOTA RAV4,2.5,4,4WD,small SUV,6,25,33,6,319
TOYOTA RAV4,2.5,4,4WD,small SUV,6,27,33,6,301
TOYOTA RAV4 Hybrid,2.5,4,4WD,small SUV,7,41,38,8,223
TOYOTA RAV4 LE,2.5,4,4WD,small SUV,6,27,34,6,296
TOYOTA RAV4 TRD Offroad,2.5,4,4WD,small SUV,6,25,32,6,323
TOYOTA Sequoia,5.7,8,2WD,standard SUV,5,13,17,2,604
TOYOTA Sequoia,5.7,8,4WD,standard SUV,5,13,17,2,618
TOYOTA Sienna,2.5,4,2WD,minivan,7,36,36,7,246
TOYOTA Sienna,2.5,4,4WD,minivan,7,35,36,7,253
TOYOTA Supra 2.0,2,4,2WD,small car,7,25,32,6,317
TOYOTA Supra 3.0,3,6,2WD,small car,5,22,30,5,351
TOYOTA Tacoma,2.7,4,2WD,pickup,5,20,23,4,423
TOYOTA Tacoma,2.7,4,4WD,pickup,5,19,22,4,441
TOYOTA Tacoma,3.5,6,4WD,pickup,5,17,21,3,481
TOYOTA Tacoma,3.5,6,2WD,pickup,5,19,24,4,431
TOYOTA Tacoma,3.5,6,4WD,pickup,5,18,22,4,448
TOYOTA Tacoma D-CAB MT TRD-ORP/PRO,3.5,6,4WD,pickup,5,17,20,3,483
TOYOTA Tundra,3.4,6,2WD,pickup,5,20,24,5,410
TOYOTA Tundra,3.4,6,2WD,pickup,5,18,23,4,440
TOYOTA Tundra,3.4,6,2WD,pickup,5,18,24,4,441
TOYOTA Tundra,3.4,6,4WD,pickup,5,19,22,4,441
TOYOTA Tundra,3.4,6,4WD,pickup,5,17,22,4,460
TOYOTA Tundra,3.4,6,4WD,pickup,5,17,23,4,459
TOYOTA Tundra PRO,3.4,6,4WD,pickup,5,18,20,4,461
TOYOTA Venza,2.5,4,4WD,small SUV,7,40,37,8,228
VOLKSWAGEN Arteon,2,4,2WD,large car,5,24,34,6,318
VOLKSWAGEN Arteon 4Motion,2,4,4WD,large car,5,22,30,5,353
VOLKSWAGEN Atlas,2,4,2WD,small SUV,3,21,25,5,387
VOLKSWAGEN Atlas,3.6,6,2WD,small SUV,5,18,24,4,445
VOLKSWAGEN Atlas 4Motion,2,4,4WD,small SUV,3,20,24,5,411
VOLKSWAGEN Atlas 4Motion,3.6,6,4WD,small SUV,5,17,23,4,460
VOLKSWAGEN Atlas Cross Sport,2,4,2WD,small SUV,3,21,25,5,391
VOLKSWAGEN Atlas Cross Sport,3.6,6,2WD,small SUV,5,18,24,4,435
VOLKSWAGEN Atlas Cross Sport 4Motion,2,4,4WD,small SUV,3,20,24,5,406
VOLKSWAGEN Atlas Cross Sport 4Motion,3.6,6,4WD,small SUV,5,18,24,4,443
VOLKSWAGEN GLI,2,4,2WD,small car,7,26,36,6,297
VOLKSWAGEN GLI,2,4,2WD,small car,7,26,37,6,299
VOLKSWAGEN GTI,2,4,2WD,midsize car,5,25,34,6,312
VOLKSWAGEN GTI,2,4,2WD,midsize car,5,24,34,6,319
VOLKSWAGEN Golf-R,2,4,4WD,midsize car,5,23,30,5,343
VOLKSWAGEN Golf-R,2,4,4WD,midsize car,5,20,28,5,382
VOLKSWAGEN Jetta,1.5,4,2WD,small car,7,29,43,7,259
VOLKSWAGEN Jetta,1.5,4,2WD,small car,7,31,41,7,256
VOLKSWAGEN Jetta SE/SEL,1.5,4,2WD,small car,7,29,40,7,268
VOLKSWAGEN Passat,2,4,2WD,midsize car,7,24,36,6,315
VOLKSWAGEN Tiguan,2,4,2WD,small SUV,7,23,30,5,346
VOLKSWAGEN Tiguan 4Motion,2,4,4WD,small SUV,7,22,29,5,357
VOLKSWAGEN Tiguan R-Line 4Motion,2,4,4WD,small SUV,7,21,28,5,369
VOLVO S60 B5,2,4,2WD,small car,5,26,35,6,299
VOLVO S60 B5,2,4,4WD,small car,5,25,33,6,316
VOLVO S90 B6,2,4,4WD,midsize car,7,23,31,5,341
VOLVO V60CC T5,2,4,4WD,station wagon,5,22,31,5,355
VOLVO V90CC B6,2,4,4WD,station wagon,7,22,29,5,352
VOLVO XC40 T4,2,4,2WD,small SUV,5,23,32,5,340
VOLVO XC40 T5,2,4,4WD,small SUV,5,22,30,5,359
VOLVO XC60 B5,2,4,2WD,small SUV,5,23,30,5,345
VOLVO XC60 B5,2,4,4WD,small SUV,5,22,28,5,360
VOLVO XC60 B6,2,4,4WD,small SUV,7,21,27,5,373
VOLVO XC90 T5,2,4,2WD,standard SUV,5,21,30,5,361
VOLVO XC90 T5,2,4,4WD,standard SUV,5,20,28,5,380
VOLVO XC90 T6,2,4,4WD,standard SUV,7,19,27,5,405
